"","x"
"1","A"
"2","C"
"3","G"
"4","AA"
"5","AC"
"6","AG"
"7","AT"
"8","CA"
"9","CC"
"10","CG"
"11","CT"
"12","GA"
"13","GC"
"14","GG"
"15","GT"
"16","TA"
"17","TC"
"18","TG"
"19","TT"
"20","AAA"
"21","AAC"
"22","AAG"
"23","AAT"
"24","ACA"
"25","ACC"
"26","ACG"
"27","ACT"
"28","AGA"
"29","AGC"
"30","AGG"
"31","AGT"
"32","ATA"
"33","ATC"
"34","ATG"
"35","ATT"
"36","CAA"
"37","CAC"
"38","CAG"
"39","CAT"
"40","CCA"
"41","CCC"
"42","CCG"
"43","CCT"
"44","CGA"
"45","CGC"
"46","CGG"
"47","CGT"
"48","CTA"
"49","CTC"
"50","CTG"
"51","CTT"
"52","GAA"
"53","GAC"
"54","GAG"
"55","GAT"
"56","GCA"
"57","GCC"
"58","GCG"
"59","GCT"
"60","GGA"
"61","GGC"
"62","GGG"
"63","GGT"
"64","GTA"
"65","GTC"
"66","GTG"
"67","GTT"
"68","TAA"
"69","TAC"
"70","TAG"
"71","TAT"
"72","TCA"
"73","TCC"
"74","TCG"
"75","TCT"
"76","TGA"
"77","TGC"
"78","TGG"
"79","TGT"
"80","TTA"
"81","TTC"
"82","TTG"
"83","TTT"
"84","AAAA"
"85","AAAC"
"86","AAAG"
"87","AAAT"
"88","AACA"
"89","AACC"
"90","AACG"
"91","AACT"
"92","AAGA"
"93","AAGC"
"94","AAGG"
"95","AAGT"
"96","AATA"
"97","AATC"
"98","AATG"
"99","AATT"
"100","ACAA"
"101","ACAC"
"102","ACAG"
"103","ACAT"
"104","ACCA"
"105","ACCC"
"106","ACCG"
"107","ACCT"
"108","ACGA"
"109","ACGC"
"110","ACGG"
"111","ACGT"
"112","ACTA"
"113","ACTC"
"114","ACTG"
"115","ACTT"
"116","AGAA"
"117","AGAC"
"118","AGAG"
"119","AGAT"
"120","AGCA"
"121","AGCC"
"122","AGCG"
"123","AGCT"
"124","AGGA"
"125","AGGC"
"126","AGGG"
"127","AGGT"
"128","AGTA"
"129","AGTC"
"130","AGTG"
"131","AGTT"
"132","ATAA"
"133","ATAC"
"134","ATAG"
"135","ATAT"
"136","ATCA"
"137","ATCC"
"138","ATCG"
"139","ATCT"
"140","ATGA"
"141","ATGC"
"142","ATGG"
"143","ATGT"
"144","ATTA"
"145","ATTC"
"146","ATTG"
"147","ATTT"
"148","CAAA"
"149","CAAC"
"150","CAAG"
"151","CAAT"
"152","CACA"
"153","CACC"
"154","CACG"
"155","CACT"
"156","CAGA"
"157","CAGC"
"158","CAGG"
"159","CAGT"
"160","CATA"
"161","CATC"
"162","CATG"
"163","CATT"
"164","CCAA"
"165","CCAC"
"166","CCAG"
"167","CCAT"
"168","CCCA"
"169","CCCC"
"170","CCCG"
"171","CCCT"
"172","CCGA"
"173","CCGC"
"174","CCGG"
"175","CCGT"
"176","CCTA"
"177","CCTC"
"178","CCTG"
"179","CCTT"
"180","CGAA"
"181","CGAC"
"182","CGAG"
"183","CGAT"
"184","CGCA"
"185","CGCC"
"186","CGCG"
"187","CGCT"
"188","CGGA"
"189","CGGC"
"190","CGGG"
"191","CGGT"
"192","CGTA"
"193","CGTC"
"194","CGTG"
"195","CGTT"
"196","CTAA"
"197","CTAC"
"198","CTAG"
"199","CTAT"
"200","CTCA"
"201","CTCC"
"202","CTCG"
"203","CTCT"
"204","CTGA"
"205","CTGC"
"206","CTGG"
"207","CTGT"
"208","CTTA"
"209","CTTC"
"210","CTTG"
"211","CTTT"
"212","GAAA"
"213","GAAC"
"214","GAAG"
"215","GAAT"
"216","GACA"
"217","GACC"
"218","GACG"
"219","GACT"
"220","GAGA"
"221","GAGC"
"222","GAGG"
"223","GAGT"
"224","GATA"
"225","GATC"
"226","GATG"
"227","GATT"
"228","GCAA"
"229","GCAC"
"230","GCAG"
"231","GCAT"
"232","GCCA"
"233","GCCC"
"234","GCCG"
"235","GCCT"
"236","GCGA"
"237","GCGC"
"238","GCGG"
"239","GCGT"
"240","GCTA"
"241","GCTC"
"242","GCTG"
"243","GCTT"
"244","GGAA"
"245","GGAC"
"246","GGAG"
"247","GGAT"
"248","GGCA"
"249","GGCC"
"250","GGCG"
"251","GGCT"
"252","GGGA"
"253","GGGC"
"254","GGGG"
"255","GGGT"
"256","GGTA"
"257","GGTC"
"258","GGTG"
"259","GGTT"
"260","GTAA"
"261","GTAC"
"262","GTAG"
"263","GTAT"
"264","GTCA"
"265","GTCC"
"266","GTCG"
"267","GTCT"
"268","GTGA"
"269","GTGC"
"270","GTGG"
"271","GTGT"
"272","GTTA"
"273","GTTC"
"274","GTTG"
"275","GTTT"
"276","TAAA"
"277","TAAC"
"278","TAAG"
"279","TAAT"
"280","TACA"
"281","TACC"
"282","TACG"
"283","TACT"
"284","TAGA"
"285","TAGC"
"286","TAGG"
"287","TAGT"
"288","TATA"
"289","TATC"
"290","TATG"
"291","TATT"
"292","TCAA"
"293","TCAC"
"294","TCAG"
"295","TCAT"
"296","TCCA"
"297","TCCC"
"298","TCCG"
"299","TCCT"
"300","TCGA"
"301","TCGC"
"302","TCGG"
"303","TCGT"
"304","TCTA"
"305","TCTC"
"306","TCTG"
"307","TCTT"
"308","TGAA"
"309","TGAC"
"310","TGAG"
"311","TGAT"
"312","TGCA"
"313","TGCC"
"314","TGCG"
"315","TGCT"
"316","TGGA"
"317","TGGC"
"318","TGGG"
"319","TGGT"
"320","TGTA"
"321","TGTC"
"322","TGTG"
"323","TGTT"
"324","TTAA"
"325","TTAC"
"326","TTAG"
"327","TTAT"
"328","TTCA"
"329","TTCC"
"330","TTCG"
"331","TTCT"
"332","TTGA"
"333","TTGC"
"334","TTGG"
"335","TTGT"
"336","TTTA"
"337","TTTC"
"338","TTTG"
"339","A_1"
"340","A_2"
"341","A_3"
"342","A_4"
"343","A_5"
"344","A_6"
"345","A_7"
"346","A_8"
"347","A_9"
"348","A_10"
"349","A_11"
"350","A_12"
"351","A_13"
"352","A_14"
"353","A_15"
"354","A_16"
"355","A_17"
"356","A_18"
"357","A_19"
"358","A_20"
"359","A_21"
"360","A_22"
"361","A_23"
"362","A_24"
"363","A_25"
"364","C_1"
"365","C_2"
"366","C_3"
"367","C_4"
"368","C_5"
"369","C_6"
"370","C_7"
"371","C_8"
"372","C_9"
"373","C_10"
"374","C_11"
"375","C_12"
"376","C_13"
"377","C_14"
"378","C_15"
"379","C_16"
"380","C_17"
"381","C_18"
"382","C_19"
"383","C_20"
"384","C_21"
"385","C_22"
"386","C_23"
"387","C_24"
"388","C_25"
"389","G_1"
"390","G_2"
"391","G_3"
"392","G_4"
"393","G_5"
"394","G_6"
"395","G_7"
"396","G_8"
"397","G_9"
"398","G_10"
"399","G_11"
"400","G_12"
"401","G_13"
"402","G_14"
"403","G_15"
"404","G_16"
"405","G_17"
"406","G_18"
"407","G_19"
"408","G_20"
"409","G_21"
"410","G_22"
"411","G_23"
"412","G_24"
"413","G_25"
"414","AA_1"
"415","AA_2"
"416","AA_3"
"417","AA_4"
"418","AA_5"
"419","AA_6"
"420","AA_7"
"421","AA_8"
"422","AA_9"
"423","AA_10"
"424","AA_11"
"425","AA_12"
"426","AA_13"
"427","AA_14"
"428","AA_15"
"429","AA_16"
"430","AA_17"
"431","AA_18"
"432","AA_19"
"433","AA_20"
"434","AA_21"
"435","AA_22"
"436","AA_23"
"437","AA_24"
"438","AA_28"
"439","AC_1"
"440","AC_2"
"441","AC_3"
"442","AC_4"
"443","AC_5"
"444","AC_6"
"445","AC_7"
"446","AC_8"
"447","AC_9"
"448","AC_10"
"449","AC_11"
"450","AC_12"
"451","AC_13"
"452","AC_14"
"453","AC_15"
"454","AC_16"
"455","AC_17"
"456","AC_18"
"457","AC_19"
"458","AC_20"
"459","AC_21"
"460","AC_22"
"461","AC_23"
"462","AC_24"
"463","AC_28"
"464","AG_1"
"465","AG_2"
"466","AG_3"
"467","AG_4"
"468","AG_5"
"469","AG_6"
"470","AG_7"
"471","AG_8"
"472","AG_9"
"473","AG_10"
"474","AG_11"
"475","AG_12"
"476","AG_13"
"477","AG_14"
"478","AG_15"
"479","AG_16"
"480","AG_17"
"481","AG_18"
"482","AG_19"
"483","AG_20"
"484","AG_21"
"485","AG_22"
"486","AG_23"
"487","AG_24"
"488","AG_28"
"489","AT_3"
"490","AT_4"
"491","AT_5"
"492","AT_6"
"493","AT_7"
"494","AT_8"
"495","AT_9"
"496","AT_10"
"497","AT_11"
"498","AT_12"
"499","AT_13"
"500","AT_14"
"501","AT_15"
"502","AT_16"
"503","AT_17"
"504","AT_18"
"505","AT_19"
"506","AT_20"
"507","AT_21"
"508","AT_22"
"509","AT_23"
"510","CA_2"
"511","CA_3"
"512","CA_4"
"513","CA_5"
"514","CA_6"
"515","CA_7"
"516","CA_8"
"517","CA_9"
"518","CA_10"
"519","CA_11"
"520","CA_12"
"521","CA_13"
"522","CA_14"
"523","CA_15"
"524","CA_16"
"525","CA_17"
"526","CA_18"
"527","CA_19"
"528","CA_20"
"529","CA_21"
"530","CA_22"
"531","CA_23"
"532","CA_24"
"533","CC_1"
"534","CC_2"
"535","CC_3"
"536","CC_4"
"537","CC_5"
"538","CC_6"
"539","CC_7"
"540","CC_8"
"541","CC_9"
"542","CC_10"
"543","CC_11"
"544","CC_12"
"545","CC_13"
"546","CC_14"
"547","CC_15"
"548","CC_16"
"549","CC_17"
"550","CC_18"
"551","CC_19"
"552","CC_20"
"553","CC_21"
"554","CC_22"
"555","CC_23"
"556","CC_24"
"557","CG_1"
"558","CG_2"
"559","CG_3"
"560","CG_4"
"561","CG_5"
"562","CG_6"
"563","CG_7"
"564","CG_8"
"565","CG_9"
"566","CG_10"
"567","CG_11"
"568","CG_12"
"569","CG_13"
"570","CG_14"
"571","CG_15"
"572","CG_16"
"573","CG_17"
"574","CG_18"
"575","CG_19"
"576","CG_20"
"577","CG_21"
"578","CG_22"
"579","CG_23"
"580","CG_24"
"581","CG_28"
"582","CT_3"
"583","CT_4"
"584","CT_5"
"585","CT_6"
"586","CT_7"
"587","CT_8"
"588","CT_9"
"589","CT_10"
"590","CT_11"
"591","CT_12"
"592","CT_13"
"593","CT_14"
"594","CT_15"
"595","CT_16"
"596","CT_17"
"597","CT_18"
"598","CT_19"
"599","CT_20"
"600","CT_21"
"601","CT_22"
"602","CT_23"
"603","GA_2"
"604","GA_3"
"605","GA_4"
"606","GA_5"
"607","GA_6"
"608","GA_7"
"609","GA_8"
"610","GA_9"
"611","GA_10"
"612","GA_11"
"613","GA_12"
"614","GA_13"
"615","GA_14"
"616","GA_15"
"617","GA_16"
"618","GA_17"
"619","GA_18"
"620","GA_19"
"621","GA_20"
"622","GA_21"
"623","GA_22"
"624","GA_23"
"625","GA_24"
"626","GC_2"
"627","GC_3"
"628","GC_4"
"629","GC_5"
"630","GC_6"
"631","GC_7"
"632","GC_8"
"633","GC_9"
"634","GC_10"
"635","GC_11"
"636","GC_12"
"637","GC_13"
"638","GC_14"
"639","GC_15"
"640","GC_16"
"641","GC_17"
"642","GC_18"
"643","GC_19"
"644","GC_20"
"645","GC_21"
"646","GC_22"
"647","GC_23"
"648","GC_24"
"649","GG_1"
"650","GG_2"
"651","GG_3"
"652","GG_4"
"653","GG_5"
"654","GG_6"
"655","GG_7"
"656","GG_8"
"657","GG_9"
"658","GG_10"
"659","GG_11"
"660","GG_12"
"661","GG_13"
"662","GG_14"
"663","GG_15"
"664","GG_16"
"665","GG_17"
"666","GG_18"
"667","GG_19"
"668","GG_20"
"669","GG_21"
"670","GG_22"
"671","GG_23"
"672","GG_24"
"673","GG_27"
"674","GG_28"
"675","GT_3"
"676","GT_4"
"677","GT_5"
"678","GT_6"
"679","GT_7"
"680","GT_8"
"681","GT_9"
"682","GT_10"
"683","GT_11"
"684","GT_12"
"685","GT_13"
"686","GT_14"
"687","GT_15"
"688","GT_16"
"689","GT_17"
"690","GT_18"
"691","GT_19"
"692","GT_20"
"693","GT_21"
"694","GT_22"
"695","GT_23"
"696","GT_24"
"697","TT_2"
"698","TT_3"
"699","TT_4"
"700","TT_5"
"701","TT_6"
"702","TT_7"
"703","TT_8"
"704","TT_9"
"705","TT_10"
"706","TT_11"
"707","TT_12"
"708","TT_13"
"709","TT_14"
"710","TT_15"
"711","TT_16"
"712","TT_17"
"713","TT_18"
"714","TT_19"
"715","TT_20"
"716","TT_21"
"717","TT_22"
"718","TT_23"
"719","AAG_3"
"720","AAG_6"
"721","AAG_7"
"722","AAG_12"
"723","AAG_13"
"724","AAG_15"
"725","AAG_18"
"726","AAG_19"
"727","AAG_21"
"728","AAG_28"
"729","ACA_4"
"730","ACA_8"
"731","ACA_9"
"732","ACA_23"
"733","ACA_28"
"734","ACC_4"
"735","ACC_6"
"736","ACC_9"
"737","ACC_12"
"738","ACC_13"
"739","ACC_19"
"740","ACC_22"
"741","ACT_23"
"742","AGA_1"
"743","AGA_4"
"744","AGA_7"
"745","AGA_11"
"746","AGA_13"
"747","AGA_16"
"748","AGA_19"
"749","AGA_22"
"750","AGA_23"
"751","AGA_28"
"752","AGC_1"
"753","AGC_3"
"754","AGC_4"
"755","AGC_5"
"756","AGC_6"
"757","AGC_7"
"758","AGC_8"
"759","AGC_9"
"760","AGC_10"
"761","AGC_11"
"762","AGC_13"
"763","AGC_14"
"764","AGC_15"
"765","AGC_16"
"766","AGC_18"
"767","AGC_19"
"768","AGC_20"
"769","AGC_22"
"770","AGC_28"
"771","AGG_1"
"772","AGG_2"
"773","AGG_3"
"774","AGG_4"
"775","AGG_5"
"776","AGG_6"
"777","AGG_7"
"778","AGG_8"
"779","AGG_9"
"780","AGG_10"
"781","AGG_11"
"782","AGG_12"
"783","AGG_13"
"784","AGG_15"
"785","AGG_16"
"786","AGG_17"
"787","AGG_18"
"788","AGG_19"
"789","AGG_20"
"790","AGG_21"
"791","AGG_22"
"792","AGT_19"
"793","AGT_23"
"794","ATG_12"
"795","ATG_13"
"796","ATG_16"
"797","ATG_18"
"798","ATG_19"
"799","ATG_28"
"800","CAA_17"
"801","CAA_20"
"802","CAA_23"
"803","CAC_1"
"804","CAC_3"
"805","CAC_7"
"806","CAC_8"
"807","CAC_9"
"808","CAC_10"
"809","CAC_11"
"810","CAC_17"
"811","CAC_22"
"812","CAG_1"
"813","CAG_2"
"814","CAG_3"
"815","CAG_4"
"816","CAG_5"
"817","CAG_6"
"818","CAG_7"
"819","CAG_8"
"820","CAG_9"
"821","CAG_10"
"822","CAG_11"
"823","CAG_12"
"824","CAG_13"
"825","CAG_14"
"826","CAG_15"
"827","CAG_16"
"828","CAG_17"
"829","CAG_18"
"830","CAG_19"
"831","CAG_20"
"832","CAG_21"
"833","CAG_22"
"834","CAT_18"
"835","CAT_23"
"836","CCA_1"
"837","CCA_2"
"838","CCA_3"
"839","CCA_4"
"840","CCA_5"
"841","CCA_6"
"842","CCA_7"
"843","CCA_8"
"844","CCA_9"
"845","CCA_10"
"846","CCA_11"
"847","CCA_12"
"848","CCA_13"
"849","CCA_14"
"850","CCA_15"
"851","CCA_16"
"852","CCA_17"
"853","CCA_19"
"854","CCA_20"
"855","CCA_21"
"856","CCA_22"
"857","CCA_23"
"858","CCA_28"
"859","CCC_21"
"860","CCT_1"
"861","CCT_2"
"862","CCT_3"
"863","CCT_5"
"864","CCT_6"
"865","CCT_7"
"866","CCT_8"
"867","CCT_9"
"868","CCT_10"
"869","CCT_11"
"870","CCT_13"
"871","CCT_14"
"872","CCT_15"
"873","CCT_16"
"874","CCT_17"
"875","CCT_20"
"876","CCT_21"
"877","CCT_22"
"878","CCT_23"
"879","CCT_28"
"880","CTC_1"
"881","CTC_2"
"882","CTC_3"
"883","CTC_5"
"884","CTC_11"
"885","CTC_12"
"886","CTC_21"
"887","CTC_22"
"888","CTG_1"
"889","CTG_2"
"890","CTG_3"
"891","CTG_4"
"892","CTG_5"
"893","CTG_6"
"894","CTG_7"
"895","CTG_8"
"896","CTG_9"
"897","CTG_10"
"898","CTG_11"
"899","CTG_12"
"900","CTG_13"
"901","CTG_14"
"902","CTG_15"
"903","CTG_16"
"904","CTG_17"
"905","CTG_18"
"906","CTG_19"
"907","CTG_20"
"908","CTG_21"
"909","CTG_22"
"910","CTG_23"
"911","CTT_2"
"912","CTT_8"
"913","CTT_11"
"914","CTT_12"
"915","CTT_14"
"916","CTT_17"
"917","CTT_23"
"918","GAA_2"
"919","GAA_3"
"920","GAA_6"
"921","GAA_10"
"922","GAA_11"
"923","GAA_12"
"924","GAA_17"
"925","GAA_20"
"926","GAA_23"
"927","GAG_3"
"928","GAG_6"
"929","GAG_9"
"930","GAG_12"
"931","GAG_15"
"932","GAG_17"
"933","GAG_18"
"934","GAG_19"
"935","GAG_20"
"936","GAG_21"
"937","GAG_24"
"938","GAT_23"
"939","GCA_2"
"940","GCA_4"
"941","GCA_5"
"942","GCA_6"
"943","GCA_7"
"944","GCA_8"
"945","GCA_9"
"946","GCA_10"
"947","GCA_11"
"948","GCA_12"
"949","GCA_13"
"950","GCA_14"
"951","GCA_15"
"952","GCA_16"
"953","GCA_17"
"954","GCA_18"
"955","GCA_19"
"956","GCA_20"
"957","GCA_21"
"958","GCA_22"
"959","GCA_23"
"960","GCC_1"
"961","GCC_2"
"962","GCC_3"
"963","GCC_4"
"964","GCC_6"
"965","GCC_7"
"966","GCC_8"
"967","GCC_9"
"968","GCC_11"
"969","GCC_13"
"970","GCC_14"
"971","GCC_15"
"972","GCC_18"
"973","GCC_20"
"974","GCC_21"
"975","GCC_22"
"976","GCG_24"
"977","GCT_1"
"978","GCT_2"
"979","GCT_3"
"980","GCT_4"
"981","GCT_5"
"982","GCT_6"
"983","GCT_7"
"984","GCT_8"
"985","GCT_9"
"986","GCT_10"
"987","GCT_11"
"988","GCT_14"
"989","GCT_16"
"990","GCT_17"
"991","GCT_20"
"992","GCT_21"
"993","GCT_23"
"994","GGA_2"
"995","GGA_4"
"996","GGA_5"
"997","GGA_8"
"998","GGA_10"
"999","GGA_11"
"1000","GGA_12"
"1001","GGA_14"
"1002","GGA_16"
"1003","GGA_17"
"1004","GGA_18"
"1005","GGA_19"
"1006","GGA_20"
"1007","GGA_21"
"1008","GGA_22"
"1009","GGA_23"
"1010","GGC_1"
"1011","GGC_2"
"1012","GGC_3"
"1013","GGC_5"
"1014","GGC_6"
"1015","GGC_7"
"1016","GGC_8"
"1017","GGC_9"
"1018","GGC_10"
"1019","GGC_11"
"1020","GGC_12"
"1021","GGC_13"
"1022","GGC_14"
"1023","GGC_15"
"1024","GGC_16"
"1025","GGC_17"
"1026","GGC_18"
"1027","GGC_19"
"1028","GGC_20"
"1029","GGC_21"
"1030","GGC_22"
"1031","GGC_28"
"1032","GGG_17"
"1033","GGG_24"
"1034","GGG_25"
"1035","GGG_26"
"1036","GGT_2"
"1037","GGT_8"
"1038","GGT_9"
"1039","GGT_14"
"1040","GGT_17"
"1041","GGT_18"
"1042","GGT_20"
"1043","GGT_23"
"1044","GTG_1"
"1045","GTG_6"
"1046","GTG_9"
"1047","GTG_10"
"1048","GTG_12"
"1049","GTG_13"
"1050","GTG_14"
"1051","GTG_15"
"1052","GTG_18"
"1053","GTG_19"
"1054","GTG_20"
"1055","GTG_21"
"1056","GTG_24"
"1057","TCA_1"
"1058","TCA_2"
"1059","TCA_4"
"1060","TCA_6"
"1061","TCA_7"
"1062","TCA_10"
"1063","TCA_13"
"1064","TCA_14"
"1065","TCA_15"
"1066","TCA_16"
"1067","TCA_17"
"1068","TCA_23"
"1069","TCC_4"
"1070","TCC_5"
"1071","TCC_6"
"1072","TCC_9"
"1073","TCC_13"
"1074","TCC_19"
"1075","TCC_20"
"1076","TCC_21"
"1077","TCC_22"
"1078","TCT_2"
"1079","TCT_11"
"1080","TCT_16"
"1081","TCT_19"
"1082","TCT_20"
"1083","TCT_23"
"1084","TGA_2"
"1085","TGA_10"
"1086","TGA_11"
"1087","TGA_14"
"1088","TGA_17"
"1089","TGA_19"
"1090","TGA_20"
"1091","TGA_22"
"1092","TGA_23"
"1093","TGA_28"
"1094","TGC_4"
"1095","TGC_5"
"1096","TGC_7"
"1097","TGC_8"
"1098","TGC_9"
"1099","TGC_10"
"1100","TGC_12"
"1101","TGC_13"
"1102","TGC_16"
"1103","TGC_19"
"1104","TGC_20"
"1105","TGC_22"
"1106","TGG_2"
"1107","TGG_3"
"1108","TGG_4"
"1109","TGG_5"
"1110","TGG_6"
"1111","TGG_7"
"1112","TGG_8"
"1113","TGG_9"
"1114","TGG_10"
"1115","TGG_11"
"1116","TGG_12"
"1117","TGG_13"
"1118","TGG_14"
"1119","TGG_15"
"1120","TGG_16"
"1121","TGG_17"
"1122","TGG_18"
"1123","TGG_19"
"1124","TGG_20"
"1125","TGG_21"
"1126","TGG_22"
"1127","TGT_16"
"1128","TGT_19"
"1129","TGT_20"
"1130","TGT_23"
"1131","TTC_3"
"1132","TTC_15"
"1133","TTC_22"
"1134","TTG_4"
"1135","TTG_15"
"1136","AGGA_25"
"1137","AGGC_25"
"1138","AGGG_25"
"1139","AGGT_25"
"1140","CGGA_25"
"1141","CGGC_25"
"1142","CGGG_25"
"1143","CGGT_25"
"1144","GAAG_23"
"1145","GAGG_24"
"1146","GAGG_27"
"1147","GATG_23"
"1148","GCAG_23"
"1149","GCGG_24"
"1150","GCTG_23"
"1151","GGAG_23"
"1152","GGAG_26"
"1153","GGCG_26"
"1154","GGGA_25"
"1155","GGGC_25"
"1156","GGGG_25"
"1157","GGGG_26"
"1158","GGTG_23"
"1159","GGTG_26"
"1160","GTGG_24"
"1161","GTGG_27"
"1162","TGGT_25"
"1163","TTTG_23"
"1164","heat"
"1165","percentpeptide"
"1166","aminoacidcutposition"
"1167","geneThreshold"
