x,x
A,A
C,C
G,G
T,T
AC,AC
AG,AG
CC,AT
CT,CA
GC,CC
GG,CG
TA,CT
TG,GC
TT,GG
AGT,TA
ATG,TG
CAA,TT
CTT,ATG
GAC,CTT
GAG,GAC
GCA,GAG
GGG,GCA
GGT,GGC
GTA,GGG
TAG,GTA
TGA,TAC
TGG,TAG
TTG,TGA
AAGG,TGG
ATGA,TTG
CAAT,AAGG
GCAT,ACAG
GGCA,ATGA
GGGG,CCGA
GTGA,CGTG
TAGG,CTGG
TGGG,GATA
TGTA,GCAT
A_14,GGCA
C_20,GGGG
C_22,GTGA
C_24,TAGG
G_18,TGAG
G_20,TGGG
G_24,TGTA
G_28,TTGG
T_23,A_16
CA_6,A_24
CA_20,C_20
CC_20,C_22
CG_23,C_24
CT_24,G_18
GC_19,G_20
GC_24,G_21
TC_23,G_24
ACC_19,G_28
ACG_24,T_23
AGC_7,AC_21
AGC_18,CA_20
CCC_20,CA_22
CCG_20,CA_23
CTA_17,CC_20
CTG_24,CG_23
GCA_19,CT_7
GCG_24,CT_24
GGG_26,GA_17
GTA_11,GC_19
TAC_18,GC_27
TAG_15,TC_23
TGG_25,TG_25
AAAA_10,ACC_19
AACA_21,ACC_21
AATG_19,ACG_24
ACCC_19,AGC_7
ACGG_24,AGC_18
ACTC_14,CAC_1
ACTG_21,CAG_20
AGAC_22,CAT_10
AGCC_5,CCC_20
AGCC_7,CTA_17
AGTA_10,CTG_24
AGTA_14,GAA_14
AGTG_20,GAC_15
ATCA_14,GAC_23
ATCC_12,GCA_5
ATCG_21,GCA_19
ATGA_7,GGG_26
ATGA_20,GTA_11
CAAC_6,TAG_15
CAAG_13,TCC_19
CAAT_18,TGC_4
CAGA_21,TGG_25
CAGC_6,AACA_21
CAGC_22,AACC_20
CATA_11,AACT_7
CATG_8,AATG_19
CATG_10,ACAT_9
CCAA_5,ACCC_15
CCAG_21,ACCC_19
CCCG_21,ACTC_14
CCGA_22,ACTG_21
CGTA_13,AGAC_22
CGTC_15,AGCC_5
CGTG_8,AGCC_7
CTAC_18,AGGC_14
CTAG_17,AGGT_14
CTCT_8,AGTA_10
CTGC_3,AGTG_20
CTGG_24,ATAG_11
GAAA_14,ATCA_14
GAAG_1,ATCC_12
GAAT_13,ATCG_21
GAAT_14,ATGA_7
GACT_13,ATGA_20
GAGA_15,CAAG_13
GAGC_3,CAAT_6
GAGC_17,CAAT_18
GATC_17,CACA_18
GCAT_8,CACG_23
GCAT_10,CAGA_21
GCTA_3,CAGC_6
GGTC_26,CAGC_22
GTCC_17,CAGG_20
GTCT_6,CATA_11
GTGT_5,CATG_8
GTGT_8,CCAA_5
GTTA_8,CCAG_21
TAAT_16,CCCC_20
TACA_4,CCCG_21
TAGA_6,CCGA_11
TAGT_15,CCGA_22
TCCC_19,CCGT_12
TCCG_2,CGAT_19
TCCG_5,CGTA_13
TCCT_13,CGTC_15
TCGT_22,CGTG_8
TGAA_12,CTAC_18
TGAC_20,CTAG_14
TGAG_9,CTAG_17
TGCA_4,CTCT_8
TGCA_7,CTGC_3
TGCA_18,CTGG_24
TGCC_9,GAAA_14
TGTA_6,GAAG_1
TGTA_9,GAAT_14
TGTT_6,GACC_21
TTAC_3,GACG_23
TTTC_17,GACT_13
mfe,GAGA_15
heat,GAGC_3
percentpeptide,GAGC_8
aminoacidcutposition,GAGC_17
,GATA_2
,GCAA_2
,GCAG_5
,GCAT_8
,GCAT_10
,GCAT_11
,GTAA_7
,GTAG_14
,GTCC_17
,GTCT_6
,GTCT_8
,GTGT_5
,GTGT_8
,TAAT_16
,TACA_4
,TACA_6
,TAGA_6
,TAGC_15
,TAGG_12
,TAGT_15
,TCCA_18
,TCCC_18
,TCCC_19
,TCCG_5
,TCGT_22
,TCTT_9
,TGAA_12
,TGAC_18
,TGCA_4
,TGCA_7
,TGCA_18
,TGGG_25
,TGTA_9
,TGTT_6
,TTTC_17
,mfe
,heat
,percentpeptide
,aminoacidcutposition
